{"cameraMode":{"drawMode":0,"name":"Shaded","section":"Shading Mode"},"sceneLighting":false,"audioPlay":false,"sceneViewState":{"m_AlwaysRefresh":false,"showFog":true,"showSkybox":false,"showFlares":true,"showImageEffects":true,"showParticleSystems":true,"showVisualEffectGraphs":true,"m_FxEnabled":true},"in2DMode":false,"pivot":{"x":-56.07665252685547,"y":-7.722294807434082,"z":16.275678634643556},"rotation":{"x":-0.022808410227298738,"y":0.003595699556171894,"z":-0.00008559340494684875,"w":-0.9997470378875732},"size":242.22030639648438,"orthographic":false}